id,timestamp,acne_severity_score,diet_sugar,diet_dairy,diet_alcohol,sleep_hours,sleep_quality,menstrual_cycle_active,menstrual_cycle_day,latitude,longitude,humidity,pollution,stress,products_used,sunlight_exposure
05565905-d76b-426c-a49e-187d8e6b69c2,2025-04-18 22:38:07.626655,3.0,20.0,50.0,0.0,7.0,average,1,1,40.71,-74.01,60.0,50.0,4.0,"sunscreen,face wash",2.0
6f3e83b1-6a7c-48f9-91ca-1078246d2f35,2025-04-19 22:38:07.626655,3.2,21.0,52.0,1.0,6.9,average,0,2,40.71,-74.01,62.0,51.0,4.5,"sunscreen,face wash",2.2
eba43e0f-4de7-44ce-bfc2-64637314fee2,2025-04-20 22:38:07.626655,3.4,22.0,54.0,2.0,6.8,average,1,3,40.71,-74.01,64.0,52.0,5.0,"sunscreen,face wash",2.4
440e5cee-198b-43eb-81e4-0e5505706cdf,2025-04-21 22:38:07.626655,3.6,23.0,56.0,0.0,6.7,average,0,4,40.71,-74.01,66.0,53.0,5.5,"sunscreen,face wash",2.6
25403263-ce43-4974-89f9-12e2451113cf,2025-04-22 22:38:07.626655,3.8,24.0,58.0,1.0,6.6,average,1,5,40.71,-74.01,68.0,54.0,6.0,"sunscreen,face wash",2.8
4a598439-bee8-4f09-833e-28da52aaf1b1,2025-04-23 22:38:07.626655,4.0,25.0,60.0,2.0,6.5,average,0,6,40.71,-74.01,70.0,55.0,6.5,"sunscreen,face wash",3.0
ee570afe-f709-4760-beff-6db1501643d8,2025-04-24 22:38:07.626655,4.2,26.0,62.0,0.0,6.4,average,1,7,40.71,-74.01,72.0,56.0,7.0,"sunscreen,face wash",3.2
ebc27da9-3a56-40cc-9187-1eac4951eb5b,2025-04-25 22:38:07.626655,4.4,27.0,64.0,1.0,6.3,average,0,8,40.71,-74.01,74.0,57.0,7.5,"sunscreen,face wash",3.4000000000000004
b6c64d17-a61a-4aa9-9906-0738c9c02f82,2025-04-26 22:38:07.626655,4.6,28.0,66.0,2.0,6.2,average,1,9,40.71,-74.01,76.0,58.0,8.0,"sunscreen,face wash",3.6
44b15b80-d7b5-43a6-ab08-96d4600460b1,2025-04-27 22:38:07.626655,4.8,29.0,68.0,0.0,6.1,average,0,10,40.71,-74.01,78.0,59.0,8.5,"sunscreen,face wash",3.8
9e54b78d-4022-4c0a-8fd4-b76017125f4c,2025-04-28 22:38:07.626655,5.0,30.0,70.0,1.0,6.0,average,1,11,40.71,-74.01,80.0,60.0,9.0,"sunscreen,face wash",4.0
dc769f0e-00b7-4dbd-a229-37c5c42c303c,2025-04-29 22:38:07.626655,5.2,31.0,72.0,2.0,5.9,average,0,12,40.71,-74.01,82.0,61.0,9.5,"sunscreen,face wash",4.2
126c52f7-804a-4077-bf95-dc4f9d64d9d5,2025-04-30 22:38:07.626655,5.4,32.0,74.0,0.0,5.8,average,1,13,40.71,-74.01,84.0,62.0,10.0,"sunscreen,face wash",4.4
c07b5d08-60e1-472a-8e35-08de9962ce19,2025-05-01 22:38:07.626655,5.6,33.0,76.0,1.0,5.7,average,0,14,40.71,-74.01,86.0,63.0,10.5,"sunscreen,face wash",4.6
